"","label"
"S1",0
"S2",0
"S3",0
"S4",0
"S5",0
"S6",0
"S7",0
"S8",0
"S9",0
"S10",0
"S11",0
"S12",0
"S13",0
"S14",0
"S15",0
"S16",0
"S17",0
"S18",0
"S19",0
"S20",0
"S21",0
"S22",0
"S23",0
"S24",0
"S25",0
"S26",0
"S27",0
"S28",0
"S29",0
"S30",0
"S31",0
"S32",0
"S33",0
"S34",0
"S35",0
"S36",0
"S37",0
"S38",0
"S39",0
"S40",0
"S41",0
"S42",0
"S43",0
"S44",0
"S45",0
"S46",0
"S47",0
"S48",0
"S49",0
"S50",0
"S51",1
"S52",1
"S53",1
"S54",1
"S55",1
"S56",1
"S57",1
"S58",1
"S59",1
"S60",1
"S61",1
"S62",1
"S63",1
"S64",1
"S65",1
"S66",1
"S67",1
"S68",1
"S69",1
"S70",1
"S71",1
"S72",1
"S73",1
"S74",1
"S75",1
"S76",1
"S77",1
"S78",1
"S79",1
"S80",1
"S81",1
"S82",1
"S83",1
"S84",1
"S85",1
"S86",1
"S87",1
"S88",1
"S89",1
"S90",1
"S91",1
"S92",1
"S93",1
"S94",1
"S95",1
"S96",1
"S97",1
"S98",1
"S99",1
"S100",1
"S101",1
"S102",1
