"0","build_pdf(""Meta_Analyses_Lecture.html"", complex_slides = TRUE, partial_slides = FALSE)
"
"2","[36mâ„¹[39m Building [34m[34mfile:/Users/cob-aaf/Documents/GitHub/omicsintELexir2021/session_meta/Meta_Analyses_Lecture.html[34m[39m into [32m[32mMeta_Analyses_Lecture.pdf[32m[39m"
"2",""
"2","Slide 2 (1) [======>-----------------------------------------------------------------------------------------------------------------------] Eta: 18s"
"2",""
"2","Slide 3 (1) [=============>----------------------------------------------------------------------------------------------------------------] Eta: 17s"
"2",""
"2","Slide 4 (1) [====================>---------------------------------------------------------------------------------------------------------] Eta: 16s"
"2",""
"2","Slide 5 (1) [===========================>--------------------------------------------------------------------------------------------------] Eta: 15s"
"2",""
"2","Slide 6 (1) [==================================>-------------------------------------------------------------------------------------------] Eta: 14s"
"2",""
"2","Slide 7 (1) [=========================================>------------------------------------------------------------------------------------] Eta: 13s"
"2",""
"2","Slide 8 (1) [================================================>-----------------------------------------------------------------------------] Eta: 12s"
"2",""
"2","Slide 9 (1) [=======================================================>----------------------------------------------------------------------] Eta: 11s"
"2",""
"2","Slide 10 (1) [=============================================================>---------------------------------------------------------------] Eta: 10s"
"2",""
"2","Slide 11 (1) [====================================================================>--------------------------------------------------------] Eta:  8s"
"2",""
"2","Slide 12 (1) [===========================================================================>-------------------------------------------------] Eta:  7s"
"2",""
"2","Slide 13 (1) [==================================================================================>------------------------------------------] Eta:  6s"
"2",""
"2","Slide 14 (1) [=========================================================================================>-----------------------------------] Eta:  5s"
"2",""
"2","Slide 15 (1) [================================================================================================>----------------------------] Eta:  4s"
"2",""
"2","Slide 16 (1) [=======================================================================================================>---------------------] Eta:  3s"
"2",""
"2","Slide 17 (1) [==============================================================================================================>--------------] Eta:  2s"
"2",""
"2","Slide 18 (1) [=====================================================================================================================>-------] Eta:  1s"
"2",""
"2","Slide 18 (2) [=====================================================================================================================>-------] Eta:  1s"
"2","[32mâœ“[39m Building [34m[34mfile:/Users/cob-aaf/Documents/GitHub/omicsintELexir2021/session_meta/Meta_Analyses_Lecture.html[34m[39m into [32m[32mMeta_Analyses_Lecture.pdf[32m[39m ... done"
"2","
"
