ID,Term,NumGeneTotalInSet,NumDEGeneInSet_ Welsh,NumDEGeneInSet_ Yu,NumDEGeneInSet_ Lapointe,NumDEGeneInSet_ Varambally,NumDEGeneInSet_ Singh,NumDEGeneInSet_ Wallace,DEGeneInSet_ Welsh,DEGeneInSet_ Yu,DEGeneInSet_ Lapointe,DEGeneInSet_ Varambally,DEGeneInSet_ Singh,DEGeneInSet_ Wallace
Cluster 1
Key words,chemical reaction,pathway,,,,,,,,,,,,,
q_value,0.000999000999000999,0.000999000999000999,,,,,,,,,,,,,
count,3,3,,,,,,,,,,,,,
"GO:BP biosynthetic process","","470","18","14","22","20","28","31","DMD//GATM//UAP1//SAMD4A//PAICS//ALG8//RPN1//COASY//SERP1//EIF3B//DHCR24//DPM2//STT3A//PTS//SCP2//PEX7//UGDH//SGMS1","DMD//RPL29//SAMD4A//UAP1//NFE2L1//PAICS//TSTA3//RPL14//UGDH//GCNT1//ME1//RPL35//RPL37//IMPA1","PAICS//DMD//GCNT1//UAP1//TSPAN7//GATM//RPS19//FADS2//ME1//ANG//FADS1//RPL14//RPL29//EIF2AK1//RPL34//TSTA3//EIF1B//EGFR//UGDH//RPL35//RPS5//GCNT2","UAP1//GCNT1//ALAD//PAICS//ALG8//PTGDS//FADS1//ME1//ANG//UGCG//PTS//PTGS1//UGDH//EXT1//SGMS1//EIF2AK1//FADS2//IDI1//NFE2L1//DEGS1","ME1//TSPAN7//UAP1//TSTA3//GCNT1//GMDS//PAICS//DHCR24//SERP1//STT3A//TSPAN8//GATM//UGDH//RPS4Y1//RPL14//RPL29//RPL37//RPL13//RPL27A//RPL35//FADS1//RPS5//RPS9//RPS19//EIF3B//RPL34//ALG8//PEX7","DPM2//RPL21//FNTB//RPS12//EIF2AK1//RPS3A//MPDU1//RPL38//RPL19//RPL34//AKT1//PI4KB//COG7//NDST1//RPL37//RRBP1//RPL3//EEF1A1//RPS9//RPL27A//RPL14//FARS2//HRSP12//RPL35//MCAT//RPL13//GMDS//PABPC4//IDI1//RPS19//CD37"
"GO:BP cellular biosynthetic process","","321","9","11","18","14","20","24","DMD//GATM//SAMD4A//PAICS//COASY//EIF3B//PTS//PEX7//UGDH","DMD//RPL29//SAMD4A//NFE2L1//PAICS//TSTA3//RPL14//UGDH//ME1//RPL35//RPL37","PAICS//DMD//GATM//RPS19//FADS2//ME1//ANG//FADS1//RPL14//RPL29//EIF2AK1//RPL34//TSTA3//EIF1B//EGFR//UGDH//RPL35//RPS5","ALAD//PAICS//PTGDS//FADS1//ME1//ANG//PTS//PTGS1//UGDH//EXT1//EIF2AK1//FADS2//NFE2L1//DEGS1","ME1//TSTA3//GMDS//PAICS//GATM//UGDH//RPS4Y1//RPL14//RPL29//RPL37//RPL13//RPL27A//RPL35//FADS1//RPS5//RPS9//RPS19//EIF3B//RPL34//PEX7","RPL21//RPS12//EIF2AK1//RPS3A//RPL38//RPL19//RPL34//AKT1//NDST1//RPL37//RRBP1//RPL3//EEF1A1//RPS9//RPL27A//RPL14//FARS2//HRSP12//RPL35//MCAT//RPL13//GMDS//PABPC4//RPS19"
"GO:BP macromolecule biosynthetic process","","321","9","9","14","6","22","27","UAP1//SAMD4A//ALG8//RPN1//SERP1//EIF3B//DPM2//STT3A//UGDH","RPL29//SAMD4A//UAP1//TSTA3//RPL14//UGDH//GCNT1//RPL35//RPL37","GCNT1//UAP1//TSPAN7//RPS19//RPL14//RPL29//EIF2AK1//RPL34//TSTA3//EIF1B//UGDH//RPL35//RPS5//GCNT2","UAP1//GCNT1//ALG8//UGDH//EXT1//EIF2AK1","TSPAN7//UAP1//TSTA3//GCNT1//GMDS//SERP1//STT3A//TSPAN8//UGDH//RPS4Y1//RPL14//RPL29//RPL37//RPL13//RPL27A//RPL35//RPS5//RPS9//RPS19//EIF3B//RPL34//ALG8","DPM2//RPL21//FNTB//RPS12//EIF2AK1//RPS3A//MPDU1//RPL38//RPL19//RPL34//COG7//NDST1//RPL37//RRBP1//RPL3//EEF1A1//RPS9//RPL27A//RPL14//FARS2//HRSP12//RPL35//RPL13//GMDS//PABPC4//RPS19//CD37"
"GO:BP translation","","180","2","5","8","1","12","20","SAMD4A//EIF3B","RPL29//SAMD4A//RPL14//RPL35//RPL37","RPS19//RPL14//RPL29//EIF2AK1//RPL34//EIF1B//RPL35//RPS5","EIF2AK1","RPS4Y1//RPL14//RPL29//RPL37//RPL13//RPL27A//RPL35//RPS5//RPS9//RPS19//EIF3B//RPL34","RPL21//RPS12//EIF2AK1//RPS3A//RPL38//RPL19//RPL34//RPL37//RRBP1//RPL3//EEF1A1//RPS9//RPL27A//RPL14//FARS2//HRSP12//RPL35//RPL13//PABPC4//RPS19"

Cluster 2
Key words,
q_value,,,,,,,,,,,,,,,
count,,,,,,,,,,,,,,,
"Reactome Muscle contraction","","48","6","11","11","1","1","1","DMD//CALD1//TLN1//TPM1//CALM1//LMOD1","TPM2//DMD//TPM1//CALD1//LMOD1//MYLK//TLN1//ACTG2//ACTA2//MYH11//VIM","ACTA2//ACTG2//MYLK//TPM2//DMD//CALM1//CALD1//TPM1//MYL6B//LMOD1//TPM4","MYL2","LMOD1","TLN1"
"Reactome Smooth Muscle Contraction","","25","5","9","10","0","1","1","CALD1//TLN1//TPM1//CALM1//LMOD1","TPM2//TPM1//CALD1//LMOD1//MYLK//TLN1//ACTG2//ACTA2//MYH11","ACTA2//ACTG2//MYLK//TPM2//CALM1//CALD1//TPM1//MYL6B//LMOD1//TPM4","","LMOD1","TLN1"

Cluster 3
Key words,
q_value,,,,,,,,,,,,,,,
count,,,,,,,,,,,,,,,
"GO:CC ribonucleoprotein complex","","143","4","5","3","3","11","13","MRPL12//SERP1//RPP40//MRPS12","RPS7//RPL27//SNRPB//MRPL12//MRPS12","APEX1//RPS7//LSM6","RPP40//RPS7//LSM6","SERP1//TXNL4A//RPS7//SMG6//HNRPDL//GEMIN4//MRPS12//PPIH//MRPL12//RPL27//APEX1","U2AF2//HNRNPC//SNRPA//TROVE2//SNRPB//RPL27//RRBP1//ATXN2//RPS7//HNRPDL//SF1//GEMIN4//APEX1"
"GO:CC ribosome","","39","3","4","2","1","6","4","MRPL12//SERP1//MRPS12","RPS7//RPL27//MRPL12//MRPS12","APEX1//RPS7","RPS7","SERP1//RPS7//MRPS12//MRPL12//RPL27//APEX1","RPL27//RRBP1//RPS7//APEX1"

Cluster 4
Key words,oxidoreductase activity,hydrogen  electron donor,ch oh group,oxidation reduction redox,hydrogen  electron acceptor,catalysis,,,,,,,,,
q_value,0.0011988011988012,0.0011988011988012,0.0011988011988012,0.0011988011988012,0.0011988011988012,0.001998001998002,,,,,,,,,
count,3,3,2,2,2,2,,,,,,,,,
"GO:MF oxidoreductase activity, acting on the CH-OH group of donors, NAD or NADP as acceptor","","58","9","7","6","6","10","0","AKR1A1//BDH1//HSD17B4//AKR1B1//LDHB//IMPDH2//RDH11//UGDH//IMPDH1","LDHB//AKR1B1//TSTA3//UGDH//ME1//BDH1//IMPDH1","IMPDH2//LDHB//ME1//AKR1B1//TSTA3//UGDH","IMPDH2//LDHB//ME1//CBR3//UGDH//BDH1","ME1//TSTA3//IMPDH2//AKR1A1//UGDH//HSD17B4//LDHA//IMPDH1//BDH1//CBR3",""
"GO:MF oxidoreductase activity","","289","18","18","22","23","24","8","P4HB//AKR1A1//COX7A1//BDH1//AOX1//PRDX4//HSD17B4//AKR1B1//GSTZ1//DHCR24//PDIA5//ALDH1A2//LDHB//IMPDH2//ACADSB//RDH11//UGDH//IMPDH1","AOC3//COX7A1//ADH5//AOX1//LDHB//MGST3//ALDH1A2//AKR1B1//TSTA3//MAOB//IVD//UGDH//ALDH3A2//P4HB//ME1//GPX2//BDH1//IMPDH1","AOX1//IMPDH2//ALDH1A2//GPX2//COX7A1//MTHFD2//APEX1//LDHB//BLVRB//MGST3//OGDH//MAOB//ME1//CYP27A1//SC4MOL//ADH5//FADS1//AKR1B1//ALDH3A2//TSTA3//UGDH//PDIA5","AOX1//PRDX4//MTHFD2//NOS1//SC4MOL//CYP2J2//FADS1//IMPDH2//ALDH1A1//SRD5A1//LDHB//ME1//P4HB//PTGS1//CBR3//UGDH//QSOX1//GPX2//MGST3//BDH1//PDIA5//DEGS1//CYB5A","ME1//SRD5A2//PDIA5//TSTA3//IMPDH2//AOX1//P4HB//CYP1B1//PRDX4//DHCR24//AKR1A1//UGDH//QSOX1//HSD17B4//LDHA//MTHFD2//CYP27A1//IMPDH1//BDH1//ALDH1A2//CBR3//FADS1//APEX1//CYB5A","OGDH//COX5B//COX7A1//ALDH6A1//ADH5//APEX1//MGST3//GLUD1"
"GO:MF oxidoreductase activity, acting on CH-OH group of donors","","64","9","7","6","6","10","0","AKR1A1//BDH1//HSD17B4//AKR1B1//LDHB//IMPDH2//RDH11//UGDH//IMPDH1","LDHB//AKR1B1//TSTA3//UGDH//ME1//BDH1//IMPDH1","IMPDH2//LDHB//ME1//AKR1B1//TSTA3//UGDH","IMPDH2//LDHB//ME1//CBR3//UGDH//BDH1","ME1//TSTA3//IMPDH2//AKR1A1//UGDH//HSD17B4//LDHA//IMPDH1//BDH1//CBR3",""
"GO:MF isomerase activity","","36","9","4","4","7","6","3","P4HB//PDIA3//PDIA6//MPI//PGM5//GSTZ1//PDIA5//PTGIS//DDT","PGM1//PTGIS//P4HB//MPI","PGM5//PTGIS//PDIA5//EBP","PTGDS//GNE//LSS//PGM1//P4HB//IDI1//PDIA5","PDIA5//P4HB//MPI//PTGIS//PDIA3//DDT","MPI//IDI1//PGM5"
"Reactome Biological oxidations","","139","6","11","10","14","10","2","UGP2//GGCT//MGST2//PTGIS//AHCY//UGDH","GSTP1//ACSM1//PTGIS//MGST3//GGCT//UGP2//MAOB//UGDH//SMOX//PAPSS1//GSTM5","CYP3A5//GSTP1//GSTM5//ACSM1//MGST3//MAOB//CYP4B1//CYP27A1//PTGIS//UGDH","GSTP1//ACSM1//CYP2J2//CYP4B1//SMOX//SULT4A1//ALDH1A1//GGCT//NNMT//PTGS1//UGDH//CYP3A5//MGST3//CYP51A1","ACSM1//GGCT//CYP3A5//CYP1B1//MGST2//PTGIS//UGDH//CYP27A1//MAOA//AHCY","GSTO1//MGST3"

Cluster 5
Key words,cytoskeleton,actin,microtubule,internal framework,,,,,,,,,,,
q_value,0.000999000999000999,0.000999000999000999,0.000999000999000999,0.000999000999000999,,,,,,,,,,,
count,3,2,2,2,,,,,,,,,,,
"GO:CC cytoskeleton","","368","27","30","28","18","14","16","KRT18//DMD//LDB3//IQGAP2//PDLIM5//CALD1//PALLD//TPM1//CD2AP//CLIC4//MAP1B//BBS4//CLASP1//STOM//PKD2//CDC42EP3//FLNA//EPB41L2//SMTN//KIAA0368//SPTAN1//MYO6//MAP7//CAPZA2//CSTA//DAPK1//MSN","MSN//TPM2//PALLD//DMD//STOM//CLIC4//TPM1//CALD1//CLIP1//FLNA//DAPK1//SMTN//PDLIM5//CDC42EP3//LDB3//SPTBN2//CAPG//MYO6//MAP7//MAP1B//MAPRE1//ANXA1//SLC9A3R1//VIM//KRT18//MAP3K11//BIN1//AMOT//SPTAN1//MYO9B","CDC42EP3//CSTA//PTPN21//TPM2//KRT5//DMD//MAP1B//SMTN//PDLIM5//MYO6//SORBS2//AMOT//CALD1//KRT15//MPZL2//MSN//CLIC4//TPM1//MAP7//DYNC1I1//MYL6B//ANXA1//PCM1//KRT17//DAPK1//LDB3//CAPG//TPM4","IQGAP2//CAPG//CSTA//BASP1//MYL2//CLIP2//MYO6//PCM1//MID1//DAPK1//POLB//KRT5//ANXA1//SPTBN2//PDLIM5//GAS8//MARCKS//CD2AP","PDLIM5//MAP1B//STK38L//LDB3//MYO6//KRT18//HINT1//CLIP2//PKD2//IQGAP2//CD2AP//KRT5//POLB//EPB41L2","UTRN//MYH9//MYO9B//HINT1//ATG4B//DCTN1//ARHGDIA//TUBB//CLASP1//KIF3B//EVPL//FARP1//TBCD//CACNA1C//TUBG1//KIF1B"
"GO:CC actin cytoskeleton","","129","15","17","13","8","7","2","IQGAP2//PDLIM5//PALLD//TPM1//CD2AP//CLIC4//PKD2//CDC42EP3//FLNA//EPB41L2//SMTN//SPTAN1//MYO6//CAPZA2//DAPK1","TPM2//PALLD//CLIC4//TPM1//FLNA//DAPK1//SMTN//PDLIM5//CDC42EP3//SPTBN2//CAPG//MYO6//SLC9A3R1//BIN1//AMOT//SPTAN1//MYO9B","CDC42EP3//TPM2//SMTN//PDLIM5//MYO6//SORBS2//AMOT//CLIC4//TPM1//MYL6B//DAPK1//CAPG//TPM4","IQGAP2//CAPG//MYO6//DAPK1//SPTBN2//PDLIM5//MARCKS//CD2AP","PDLIM5//STK38L//MYO6//PKD2//IQGAP2//CD2AP//EPB41L2","MYH9//MYO9B"
"GO:MF cytoskeletal protein binding","","159","16","19","14","9","7","8","DMD//SVIL//IQGAP2//PDLIM5//CALD1//PALLD//TLN1//CLASP1//PKD2//CDC42EP3//FLNA//ACTN1//SMTN//SPTAN1//MYO6//APOE","ACTN1//PALLD//DMD//CALD1//CLIP1//TLN1//FLNA//SVIL//SMTN//PDLIM5//GABARAPL1//NCALD//CDC42EP3//DST//SPTBN2//MYO6//MAPRE1//SPTAN1//MYO9B","CDC42EP3//DMD//SMTN//DST//PDLIM5//MYO6//SORBS2//CALD1//GABARAPL1//DYNC1I1//ANG//SVIL//ACTN1//EGFR","IQGAP2//APOE//MYO6//ANG//FLII//POLB//SPTBN2//PDLIM5//MARCKS","PDLIM5//NCALD//MYO6//BAIAP2//PKD2//IQGAP2//POLB","MYH9//TLN1//MYO9B//ABI2//JUP//FLII//CLASP1//KIF1B"

Cluster 6
Key words,mrna,metabolism,reactome metabolism,replication,translation initiation complex,crna,viral protein,vrna,ribosome,template,numb,nucleus,,,
q_value,0.00162337662337662,0.00162337662337662,0.00162337662337662,0.00162337662337662,0.00162337662337662,0.00162337662337662,0.00162337662337662,0.00162337662337662,0.00432900432900433,0.00909090909090909,0.012987012987013,0.0313852813852814,,,
count,6,2,2,2,2,2,2,2,2,2,2,2,,,
"Reactome Translation","","222","8","8","9","4","23","28","RPN2//EIF4A1//SSR4//RPN1//SEC61B//EIF3B//DDOST//SEC61G","RPL29//PABPC1//RPS7//RPL14//RPL27//RPL35//RPL37//EEF2","EEF2//RPS19//RPS7//RPL14//RPL29//RPL34//RPS24//RPL35//RPS5","EIF4EBP1//EEF2//SSR1//RPS7","DDOST//RPS4Y1//RPS7//RPS29//RPN2//SEC61G//RPL14//SEC61B//RPL29//RPL37//EEF2//EIF4A1//RPL13//RPL27A//RPL35//PABPC1//RPS5//RPS24//RPS9//RPL27//RPS19//EIF3B//RPL34","EIF4G1//DDOST//RPL21//RPS12//EEF2//RPS3A//RPS29//RPS20//RPL38//RPL19//RPL34//RPS24//RPL37//RPL27//RPL3//EEF1A1//RPS9//RPL27A//RPL14//EEF1D//EIF5B//RPS7//SEC61A1//RPL35//RPL13//RPS6//SRPR//RPS19"
"Reactome Formation of the ternary complex, and subsequently, the 43S complex","","74","1","1","4","1","8","9","EIF3B","RPS7","RPS19//RPS7//RPS24//RPS5","RPS7","RPS4Y1//RPS7//RPS29//RPS5//RPS24//RPS9//RPS19//EIF3B","RPS12//RPS3A//RPS29//RPS20//RPS24//RPS9//RPS7//RPS6//RPS19"
"Reactome SRP-dependent cotranslational protein targeting to membrane","","179","6","6","8","2","19","23","RPN2//SSR4//RPN1//SEC61B//DDOST//SEC61G","RPL29//RPS7//RPL14//RPL27//RPL35//RPL37","RPS19//RPS7//RPL14//RPL29//RPL34//RPS24//RPL35//RPS5","SSR1//RPS7","DDOST//RPS4Y1//RPS7//RPS29//RPN2//SEC61G//RPL14//SEC61B//RPL29//RPL37//RPL13//RPL27A//RPL35//RPS5//RPS24//RPS9//RPL27//RPS19//RPL34","DDOST//RPL21//RPS12//RPS3A//RPS29//RPS20//RPL38//RPL19//RPL34//RPS24//RPL37//RPL27//RPL3//RPS9//RPL27A//RPL14//RPS7//SEC61A1//RPL35//RPL13//RPS6//SRPR//RPS19"
"Reactome Activation of the mRNA upon binding of the cap-binding complex and eIFs, and subsequent binding to 43S","","84","2","2","4","2","10","10","EIF4A1//EIF3B","PABPC1//RPS7","RPS19//RPS7//RPS24//RPS5","EIF4EBP1//RPS7","RPS4Y1//RPS7//RPS29//EIF4A1//PABPC1//RPS5//RPS24//RPS9//RPS19//EIF3B","EIF4G1//RPS12//RPS3A//RPS29//RPS20//RPS24//RPS9//RPS7//RPS6//RPS19"
"Reactome Peptide chain elongation","","153","0","7","9","2","16","22","","RPL29//RPS7//RPL14//RPL27//RPL35//RPL37//EEF2","EEF2//RPS19//RPS7//RPL14//RPL29//RPL34//RPS24//RPL35//RPS5","EEF2//RPS7","RPS4Y1//RPS7//RPS29//RPL14//RPL29//RPL37//EEF2//RPL13//RPL27A//RPL35//RPS5//RPS24//RPS9//RPL27//RPS19//RPL34","RPL21//RPS12//EEF2//RPS3A//RPS29//RPS20//RPL38//RPL19//RPL34//RPS24//RPL37//RPL27//RPL3//EEF1A1//RPS9//RPL27A//RPL14//RPS7//RPL35//RPL13//RPS6//RPS19"
"Reactome 3' -UTR-mediated translational regulation","","176","2","7","8","1","18","21","EIF4A1//EIF3B","RPL29//PABPC1//RPS7//RPL14//RPL27//RPL35//RPL37","RPS19//RPS7//RPL14//RPL29//RPL34//RPS24//RPL35//RPS5","RPS7","RPS4Y1//RPS7//RPS29//RPL14//RPL29//RPL37//EIF4A1//RPL13//RPL27A//RPL35//PABPC1//RPS5//RPS24//RPS9//RPL27//RPS19//EIF3B//RPL34","EIF4G1//RPL21//RPS12//RPS3A//RPS29//RPS20//RPL38//RPL19//RPL34//RPS24//RPL37//RPL27//RPL3//RPS9//RPL27A//RPL14//RPS7//RPL35//RPL13//RPS6//RPS19"
"Reactome Metabolism of mRNA","","284","4","7","10","3","21","32","EIF4A1//ZFP36L1//PRKCD//PSMD3","RPL29//PABPC1//RPS7//RPL14//RPL27//RPL35//RPL37","RPS19//RPS7//ZFP36L1//RPL14//RPL29//RPL34//RPS24//RPL35//LSM6//RPS5","PSMB10//RPS7//LSM6","RPS4Y1//RPS7//RPS29//RPL14//RPL29//RPL37//SMG6//EIF4A1//RPL13//RPL27A//RPL35//PSMD8//PABPC1//RPS5//RPS24//HSPA8//RPS9//RPL27//RPS19//RPL34//PSME2","LSM3//CNOT3//EIF4G1//RPL21//RPS12//PRKCD//CNOT8//YWHAZ//RPS3A//RPS29//RPS20//RPL38//RPL19//PSMD3//RPL34//RPS24//AKT1//RPL37//PPP2R1A//RPL27//RPL3//RPS9//RPL27A//RPL14//PSMA2//RPS7//RPL35//RPL13//RPS6//RPS19//HNRNPD//PSMC3"
"Reactome Metabolism of RNA","","330","5","9","10","4","23","36","EIF4A1//ZFP36L1//NUP210//PRKCD//PSMD3","RPL29//PABPC1//NUP210//RPS7//RPL14//RPL27//SNRPB//RPL35//RPL37","RPS19//RPS7//ZFP36L1//RPL14//RPL29//RPL34//RPS24//RPL35//LSM6//RPS5","PSMB10//RPS7//LSM6//NUP210","NUP210//RPS4Y1//RPS7//RPS29//RPL14//RPL29//RPL37//SMG6//EIF4A1//GEMIN4//RPL13//RPL27A//RPL35//PSMD8//PABPC1//RPS5//RPS24//HSPA8//RPS9//RPL27//RPS19//RPL34//PSME2","LSM3//CNOT3//WDR77//EIF4G1//RPL21//NUP210//RPS12//PRKCD//CNOT8//YWHAZ//RPS3A//RPS29//RPS20//RPL38//RPL19//PSMD3//RPL34//RPS24//AKT1//SNRPB//RPL37//PPP2R1A//RPL27//RPL3//RPS9//RPL27A//RPL14//PSMA2//RPS7//RPL35//RPL13//RPS6//GEMIN4//RPS19//HNRNPD//PSMC3"
"Reactome Influenza Life Cycle","","203","2","8","9","4","18","23","NUP210//POLR2H","RPL29//NUP210//RPS7//RPL14//RPL27//POLR2H//RPL35//RPL37","POLR2H//RPS19//RPS7//RPL14//RPL29//RPL34//RPS24//RPL35//RPS5","POLR2H//RPS7//POLR2C//NUP210","POLR2H//NUP210//RPS4Y1//RPS7//RPS29//RPL14//RPL29//RPL37//CALR//RPL13//RPL27A//RPL35//RPS5//RPS24//RPS9//RPL27//RPS19//RPL34","RPL21//NUP210//RPS12//POLR2C//RPS3A//RPS29//RPS20//RPL38//RPL19//RPL34//RPS24//RPL37//RPL27//RPL3//RPS9//RPL27A//POLR2E//RPL14//RPS7//RPL35//RPL13//RPS6//RPS19"
"Reactome Influenza Viral RNA Transcription and Replication","","169","1","7","9","3","16","22","POLR2H","RPL29//RPS7//RPL14//RPL27//POLR2H//RPL35//RPL37","POLR2H//RPS19//RPS7//RPL14//RPL29//RPL34//RPS24//RPL35//RPS5","POLR2H//RPS7//POLR2C","POLR2H//RPS4Y1//RPS7//RPS29//RPL14//RPL29//RPL37//RPL13//RPL27A//RPL35//RPS5//RPS24//RPS9//RPL27//RPS19//RPL34","RPL21//RPS12//POLR2C//RPS3A//RPS29//RPS20//RPL38//RPL19//RPL34//RPS24//RPL37//RPL27//RPL3//RPS9//RPL27A//POLR2E//RPL14//RPS7//RPL35//RPL13//RPS6//RPS19"
"Reactome Nonsense Mediated Decay Enhanced by the Exon Junction Complex","","176","0","7","8","1","17","22","","RPL29//PABPC1//RPS7//RPL14//RPL27//RPL35//RPL37","RPS19//RPS7//RPL14//RPL29//RPL34//RPS24//RPL35//RPS5","RPS7","RPS4Y1//RPS7//RPS29//RPL14//RPL29//RPL37//SMG6//RPL13//RPL27A//RPL35//PABPC1//RPS5//RPS24//RPS9//RPL27//RPS19//RPL34","EIF4G1//RPL21//RPS12//RPS3A//RPS29//RPS20//RPL38//RPL19//RPL34//RPS24//RPL37//PPP2R1A//RPL27//RPL3//RPS9//RPL27A//RPL14//RPS7//RPL35//RPL13//RPS6//RPS19"

Singleton Term
"GO:CC cell junction","","83","5","12","8","6","8","3","GJA1//STEAP1//CLDN8//ACTN1//PGM5","GJA1//ACTN1//CLDN8//CLDN7//DST//CDC42BPA//CNKSR1//EPB41L3//CLDN3//CLDN4//CADM1//GJB1","GJA1//GJB1//DST//PGM5//CLDN7//ACTN1//TRIP6//EPB41L3","GJB1//TRIP6//CADM1//EPB41L3//CLDN8//CDC42BPA","CLDN3//CLDN4//STEAP1//CADM1//EPB41L3//CLDN8//CLDN7//GJB1","MLLT4//CLDN3//PGM5"
"GO:CC basement membrane","","37","7","8","8","3","3","2","DMD//LAMA4//COL4A2//SGCE//COL4A5//FBN1//LAMC1","DMD//SGCE//COL4A2//DST//LAMA4//AGRN//FBN1//LAMA2","DMD//DST//LAMA4//SGCE//ANG//SSPN//FBN1//EFEMP2","ANG//LAMA2//LAMA3","COL4A5//EFEMP2//LAMA2","AGRN//SGCE"
"GO:CC endoplasmic reticulum","","294","28","11","14","21","24","11","P4HB//CAV1//RPN2//SEC23A//PDIA3//PPIB//PDIA4//PLP2//BSCL2//RPN1//PDCD6//HSP90B1//SERP1//PDIA6//SEC61B//CLDN8//KIAA0368//DHCR24//PDIA5//DPM2//STT3A//SLC9A6//DDOST//HYOU1//APOC1//ANK3//SGMS1//FKBP2","CAV1//CLDN8//SEC23A//CLN3//PKMYT1//P4HB//TPD52//PLP2//RTN4//TM7SF2//PPIB","CAV1//PLP2//SEC23A//PPIB//CASP7//APEX1//SC4MOL//APOC1//ANK3//CLN5//MAL//RTN4//PDIA5//EBP","ITPR2//IFNGR2//PTGDS//SC4MOL//ITPR3//APOC1//SLC36A1//UPK1A//RTN4//PLP2//P4HB//SET//CAV1//CASP7//EXT1//SGMS1//SSR1//CLDN8//PDIA5//DEGS1//VWF","MAL//PDIA5//P4HB//PLP2//TM7SF2//DHCR24//SERP1//STT3A//PDIA4//IFNGR2//DDOST//PPIB//CLDN8//PDIA3//RPN2//SEC61B//HSP90B1//CALR//ANK3//PLA2G2A//CAMLG//BSCL2//APEX1//CLN3","VCP//DDOST//DPM2//TRPC4AP//TAPBP//CAMLG//CLN3//SRPR//ITPR3//APEX1//SREBF1"
"GO:MF GTPase regulator activity","","126","4","6","1","10","5","19","IQGAP2//RAP1GAP//RANGAP1//ARFGAP3","RAP1GAP//RANGAP1//TNK2//TRIO//MYO9B//ARHGEF17","DOCK4","IQGAP2//DOCK4//RGS4//ARHGAP29//RAP1GAP//ALDH1A1//NET1//CHN2//SOS1//RAPGEF2","RAP1GAP//ARHGEF17//IQGAP2//CHN2//RALBP1","TRIO//KRIT1//RANGAP1//NF1//TSC2//MYO9B//GBF1//ARHGDIA//BCR//ARHGEF11//FARP1//OPHN1//TNK2//RGS11//NET1//SOS1//FARP2//RAP1GAP//ARHGEF1"
"GO:MF structural constituent of ribosome","","80","2","8","8","1","17","20","MRPL12//MRPS12","RPL29//RPS7//RPL14//RPL27//RPL35//RPL37//MRPL12//MRPS12","RPS19//RPS7//RPL14//RPL29//RPL34//RPS24//RPL35//RPS5","RPS7","RPS4Y1//RPS7//RPS29//RPL14//RPL29//RPL37//RPL13//RPL27A//MRPS12//RPL35//MRPL12//RPS5//RPS24//RPS9//RPL27//RPS19//RPL34","RPL21//RPS12//RPS3A//RPS29//RPS20//RPL38//RPL19//RPL34//RPS24//RPL37//RPL27//RPL3//RPS9//RPL27A//RPL14//RPS7//RPL35//RPL13//RPS6//RPS19"
"GO:MF RNA binding","","259","8","11","12","7","20","27","EIF4A1//ZFP36L1//PTRF//MBNL1//MRPL12//HSP90B1//ATXN1//AUH","PTRF//RPL29//PABPC1//RBPMS//RPS7//RPL14//MBNL1//TARBP1//RPL35//MRPL12//TARBP2","PTRF//RBPMS//RPS19//RPS7//ZFP36L1//ANG//RPL14//RPL29//RPL34//RPS24//RPL35//RPS5","TIA1//ANG//XPOT//HEXIM1//APOBEC3G//RPS7//RBM9","TXNL4A//RPS7//RPS29//RPL14//RPL29//HSP90B1//HNRPDL//EIF4A1//RPL13//XPOT//RPL27A//MSI1//RPL35//PABPC1//MRPL12//RPS5//RPS24//RBPMS//RPS19//RPL34","ILF3//RBM5//RPL21//RPS12//PCBP2//TIA1//RPS3A//RPS29//TROVE2//RPS20//RPL38//RPL19//RPL34//RPS24//RPL3//RPL27A//RPL14//FARS2//CPSF1//RPS7//RPL35//HNRPDL//RPL13//RPS6//PABPC4//SF1//RPS19"
"GO:MF structural molecule activity","","244","19","30","32","11","24","25","CAV1//DMD//LAMA4//TPM1//CD2AP//COL4A2//BICD1//MRPL12//SMTN//SPTAN1//PGM5//NEBL//MAP7//FBN1//LAMC1//PRELP//CSTA//MSN//MRPS12","MSN//TPM2//DMD//RPL29//CAV1//TPM1//RPS7//MYH11//SMTN//BICD1//FBLN1//COL4A2//RPL14//RPL27//DST//LAMA4//SPTBN2//MAP7//AGRN//ANXA1//VIM//RPL35//RPL37//FBN1//LAD1//MRPL12//MRPS12//LAMA2//SPTAN1//NEBL","CAV1//CSTA//TPM2//KRT5//DMD//SMTN//DST//LAMA4//SORBS2//ADD3//PGM5//RPS19//KRT15//MSN//RPS7//LAD1//TPM1//MAP7//MYL6B//ANXA1//RPL14//KRT17//RPL29//BICD1//RPL34//RPS24//MAL//RPL35//FBN1//EFEMP2//RPS5//TPM4","BICD1//FBLN2//CSTA//MYL2//CAV1//KRT5//ANXA1//SPTBN2//RPS7//LAMA2//CD2AP","FBLN2//MAL//EFEMP2//RPS4Y1//LAMA2//RPS7//RPS29//RPL14//RPL29//RPL37//CD2AP//RPL13//BICD1//RPL27A//MRPS12//RPL35//KRT5//MRPL12//RPS5//RPS24//RPS9//RPL27//RPS19//RPL34","RPL21//RPS12//AGRN//RPS3A//RPS29//RPS20//RPL38//RPL19//RPL34//RPS24//RPL37//RPL27//RPL3//RPS9//RPL27A//RPL14//EVPL//RPS7//RPL35//CCDC6//RPL13//RPS6//PGM5//RPS19//TUBG1"
"KEGG Oxidative phosphorylation","","135","4","3","3","0","5","13","COX7A1//ATP6AP1//ATP6V1G1//ATP6V0B","COX7A1//ATP6V1G1//ATP6AP1","COX7A1//ATP5G2//ATP6V1G1","","ATP6V1G1//ATP6V1C1//UQCRQ//ATP6V0B//NDUFS6","NDUFS6//NDUFA1//COX5B//NDUFB7//COX7A1//COX7A2//ATP6AP1//UQCRQ//UQCR11//UQCRB//COX17//ATP6V0C//ATP5J2"
"KEGG Ribosome","","88","0","6","8","1","15","20","","RPL29//RPS7//RPL14//RPL27//RPL35//RPL37","RPS19//RPS7//RPL14//RPL29//RPL34//RPS24//RPL35//RPS5","RPS7","RPS4Y1//RPS7//RPS29//RPL14//RPL29//RPL37//RPL13//RPL27A//RPL35//RPS5//RPS24//RPS9//RPL27//RPS19//RPL34","RPL21//RPS12//RPS3A//RPS29//RPS20//RPL38//RPL19//RPL34//RPS24//RPL37//RPL27//RPL3//RPS9//RPL27A//RPL14//RPS7//RPL35//RPL13//RPS6//RPS19"
